<?xml version="1.0" encoding="utf-8"?>
<extension type="plugin" client="site" group="system" method="upgrade">
	<name>PLG_SYSTEM_BACKUPSLOGGHSVS</name>
	<author>G@HService Berlin Neukölln, Volkmar Volli Schlothauer</author>
	<creationDate>2019-06-01</creationDate>
	<copyright>(C) 2019, G@HService Berlin Neukölln, Volkmar Volli Schlothauer.</copyright>
	<license>GNU General Public License version 3 or later; see LICENSE.txt.</license>
	<authorUrl>https://ghsvs.de</authorUrl>
	<version>2023.11.03</version>
	<description>PLG_SYSTEM_BACKUPSLOGGHSVS_XML_DESCRIPTION</description>
	<updateservers><server type="extension" priority="1" name="PLG_SYSTEM_BACKUPSLOGGHSVS">https://raw.githubusercontent.com/GHSVS-de/upadateservers/master/plg_system_backupslogghsvs-update.xml</server></updateservers>
	<infourl>https://github.com/GHSVS-de/plg_system_backupslogghsvs/releases/tag/2023.11.03</infourl>

	<scriptfile>installerScript.php</scriptfile>
	<minimumPhp>7.4.0</minimumPhp>
	<maximumPhp></maximumPhp>
	<minimumJoomla>4.3.0</minimumJoomla>
	<maximumJoomla>5.9999.9999</maximumJoomla>
	<allowDowngrades>1</allowDowngrades>

	<files>
		<folder plugin="backupslogghsvs">services</folder>
		<folder>language</folder>
		<folder>src</folder>
		<filename>installerScript.php</filename>
		<filename>LICENSE.txt</filename>
	</files>

	<namespace path="src">GHSVS\Plugin\System\BackupsLogGhsvs</namespace>

	<config addfieldprefix="GHSVS\Plugin\System\BackupsLogGhsvs\Field">
		<fields name="params">
			<fieldset name="basic">
				<field type="hidden" default="1" name="backupslogghsvsplugin"/>
			</fieldset>
		</fields>
	</config>

</extension>
